{"a": {"\u0430": 0.33333333333333337, "@": 0.16666666666666669, "4": 0.16666666666666669, "\u03b1": 0.11111111111111113, "\u00e6": 0.11111111111111113, "\u00aa": 0.11111111111111113}, "b": {"6": 0.2, "\u042c": 0.2, "\u00df": 0.2, "\u03b2": 0.2, "\u266d": 0.2}, "c": {"\u0441": 0.33333333333333337, "(": 0.11111111111111113, "<": 0.11111111111111113, "[": 0.11111111111111113, "{": 0.11111111111111113, "\u00a2": 0.11111111111111113, "\u00a9": 0.11111111111111113}, "d": {"\u0501": 0.35, "cl": 0.2, "\u0111": 0.25, "\u00f0": 0.2}, "e": {"\u0435": 0.35000000000000003, "3": 0.30000000000000004, "\u03b5": 0.20000000000000004, "&": 0.15000000000000002}, "f": {"\u03dc": 0.4, "\u0192": 0.3, "\u0191": 0.3}, "g": {"\u0261": 0.4000000000000001, "9": 0.30000000000000004, "6": 0.20000000000000004, "&": 0.10000000000000002}, "h": {"\u04bb": 0.4, "\u03b7": 0.3, "\u0127": 0.3}, "i": {"\u0456": 0.2777777777777777, "1": 0.1666666666666666, "!": 0.1666666666666666, "|": 0.1666666666666666, "\u00ed": 0.055555555555555546, "\u00ec": 0.055555555555555546, "\u00ee": 0.055555555555555546, "\u00ef": 0.055555555555555546}, "j": {"\u03f3": 0.4, ";": 0.3, "\u029d": 0.3}, "k": {"\u03ba": 0.3, "\u049b": 0.3, "\u0138": 0.2, "\u0137": 0.2}, "l": {"1": 0.16806722689075632, "I": 0.16806722689075632, "|": 0.16806722689075632, "7": 0.16806722689075632, "\u0142": 0.10924369747899161, "\u013e": 0.10924369747899161, "\u013a": 0.10924369747899161}, "m": {"rn": 0.4, "nn": 0.3, "\u0271": 0.3}, "n": {"m": 0.35000000000000003, "r": 0.30000000000000004, "\u014b": 0.20000000000000004, "\u0272": 0.15000000000000002}, "o": {"\u043e": 0.19047619047619044, "0": 0.19047619047619044, "Q": 0.09523809523809522, "\u03b8": 0.09523809523809522, "\u00f8": 0.09523809523809522, "\u0153": 0.04761904761904761, "\u014d": 0.04761904761904761, "\u00f5": 0.04761904761904761, "\u00f3": 0.04761904761904761, "\u00f2": 0.04761904761904761, "\u00f4": 0.04761904761904761, "\u00f6": 0.04761904761904761}, "p": {"\u03c1": 0.4, "\u0440": 0.4, "\u00fe": 0.2}, "q": {"9": 0.4, "g": 0.3, "\u024b": 0.3}, "r": {"\u0433": 0.3, "\u044f": 0.25, "\u0159": 0.15, "\u00ae": 0.15, "\u027e": 0.15}, "s": {"$": 0.25, "5": 0.25, "\u00a7": 0.2, "\u0283": 0.15, "\u00df": 0.15}, "t": {"\u03c4": 0.30000000000000004, "7": 0.20000000000000004, "+": 0.20000000000000004, "\u0167": 0.10000000000000002, "\u2020": 0.10000000000000002, "\u2021": 0.10000000000000002}, "u": {"\u03c5": 0.33333333333333326, "\u03bc": 0.33333333333333326, "\u00fa": 0.06666666666666665, "\u00f9": 0.06666666666666665, "\u00fb": 0.06666666666666665, "\u00fc": 0.06666666666666665, "\u016b": 0.06666666666666665}, "v": {"\u03bd": 0.5, "\u03c5": 0.5}, "w": {"vv": 0.4, "\u0448": 0.3, "\u03c9": 0.3}, "x": {"\u0445": 0.35000000000000003, "\u00d7": 0.30000000000000004, "%": 0.20000000000000004, "\u03c7": 0.15000000000000002}, "y": {"\u0443": 0.3, "\u03b3": 0.25, "\u00fd": 0.15, "\u00ff": 0.15, "\u00a5": 0.15}, "z": {"2": 0.25, "7": 0.25, "\u0292": 0.125, "\u017a": 0.125, "\u017c": 0.125, "\u017e": 0.125}, "A": {"\u0391": 0.25, "4": 0.2, "@": 0.2, "\u0394": 0.0875, "\u00c6": 0.0875, "\u2200": 0.0875, "\u0410": 0.0875}, "B": {"\u0392": 0.3000300030003, "8": 0.3000300030003, "13": 0.13331333133313333, "\u00df": 0.13331333133313333, "\u0412": 0.13331333133313333}, "C": {"\u0421": 0.44444444444444453, "(": 0.11111111111111113, "<": 0.11111111111111113, "[": 0.11111111111111113, "{": 0.11111111111111113, "\u00a9": 0.11111111111111113}, "D": {"\u041e": 0.25000000000000006, "0": 0.25000000000000006, "\u039f": 0.10000000000000002, "\u00d0": 0.10000000000000002, "\u010e": 0.10000000000000002, "\u0394": 0.10000000000000002, "\u0414": 0.10000000000000002}, "E": {"\u0395": 0.3000300030003, "3": 0.3000300030003, "\u03a3": 0.13331333133313333, "\u0415": 0.13331333133313333, "\u2203": 0.13331333133313333}, "F": {"\u03dc": 0.4, "\u0191": 0.3, "\u0424": 0.3}, "G": {"\u0393": 0.3, "\u0413": 0.3, "6": 0.2, "9": 0.2}, "H": {"\u0397": 0.4, "\u041d": 0.4, "\u0126": 0.2}, "I": {"1": 0.20004000800160032, "|": 0.20004000800160032, "\u0399": 0.20004000800160032, "l": 0.20004000800160032, "\u00cd": 0.03330666133226646, "\u00cc": 0.03330666133226646, "\u00ce": 0.03330666133226646, "\u00cf": 0.03330666133226646, "\u0418": 0.03330666133226646, "\u012a": 0.03330666133226646}, "J": {"\u0408": 0.5, ";": 0.25, "\u0134": 0.25}, "K": {"\u039a": 0.4, "\u041a": 0.4, "\u0136": 0.2}, "L": {"1": 0.19998000199980004, "|": 0.19998000199980004, "\u0399": 0.19998000199980004, "7": 0.19998000199980004, "\u0141": 0.06669333066693331, "\u013d": 0.06669333066693331, "\u0139": 0.06669333066693331}, "M": {"\u039c": 0.45, "\u041c": 0.45, "IVI": 0.1}, "N": {"\u039d": 0.4, "\u041d": 0.4, "\u014a": 0.1, "\u0147": 0.1}, "O": {"0": 0.30000000000000004, "\u039f": 0.20000000000000004, "\u041e": 0.20000000000000004, "\u03a9": 0.10000000000000002, "\u00d8": 0.10000000000000002, "\u0152": 0.10000000000000002}, "P": {"\u03a1": 0.45, "\u0420": 0.45, "\u00de": 0.1}, "Q": {"\u03a9": 0.3000300030003, "\u024a": 0.3000300030003, "9": 0.13331333133313333, "O": 0.13331333133313333, "\u039f": 0.13331333133313333}, "R": {"\u03a1": 0.3, "\u0420": 0.3, "\u0158": 0.2, "\u00ae": 0.2}, "S": {"$": 0.3, "\u00a7": 0.3, "\u03a3": 0.2, "\u0405": 0.2}, "T": {"\u03a4": 0.25000000000000006, "\u0422": 0.25000000000000006, "\u2020": 0.10000000000000002, "\u2021": 0.10000000000000002, "7": 0.10000000000000002, "+": 0.10000000000000002, "\u0166": 0.10000000000000002}, "U": {"\u03a5": 0.30000000000000004, "\u0423": 0.30000000000000004, "\u016a": 0.08000000000000002, "\u00da": 0.08000000000000002, "\u00d9": 0.08000000000000002, "\u00db": 0.08000000000000002, "\u00dc": 0.08000000000000002}, "V": {"\u039d": 0.35, "\u0412": 0.35, "\u03bd": 0.15, "\u03c5": 0.15}, "W": {"\u03a9": 0.35, "\u0428": 0.35, "\u03c9": 0.15, "VV": 0.15}, "X": {"\u03a7": 0.4, "\u0425": 0.4, "\u00d7": 0.2}, "Y": {"\u03a5": 0.4, "\u0423": 0.4, "\u00dd": 0.2}, "Z": {"\u0396": 0.3, "\u0417": 0.3, "\u017d": 0.2, "2": 0.1, "7": 0.1}, "0": {"O": 0.25000000000000006, "o": 0.25000000000000006, "Q": 0.20000000000000004, "\u2298": 0.10000000000000002, "\u00ba": 0.10000000000000002, "\u00b0": 0.10000000000000002}, "1": {"l": 0.2, "I": 0.2, "|": 0.2, "\u217c": 0.1, "\u00b9": 0.1, "\u0131": 0.1, "\u0142": 0.1}, "2": {"Z": 0.4, "7": 0.35, "\u00b2": 0.25}, "3": {"E": 0.3, "\u0435": 0.3, "\u01b7": 0.15, "\u0417": 0.15, "\u00b3": 0.1}, "4": {"A": 0.4, "\u0430": 0.4, "\u0427": 0.2}, "5": {"S": 0.4, "s": 0.4, "\u01bc": 0.2}, "6": {"b": 0.4, "G": 0.35, "\u0431": 0.25}, "7": {"T": 0.3, "t": 0.3, "\u2077": 0.2, "\u2176": 0.2}, "8": {"B": 0.3, "\u042c": 0.25, "\u0222": 0.15, "\u221e": 0.15, "\u2205": 0.15}, "9": {"g": 0.4, "q": 0.35, "\u024b": 0.25}}