{
    "a": {
        "a": 0.6315789473684212,
        "@": 0.052631578947368446,
        "o": 0.052631578947368446,
        "e": 0.052631578947368446,
        "q": 0.052631578947368446,
        "g": 0.052631578947368446,
        "\u03b1": 0.052631578947368446,
        "4": 0.052631578947368446
    },
    "b": {
        "b": 0.6842105263157896,
        "h": 0.05263157894736844,
        "d": 0.05263157894736844,
        "p": 0.05263157894736844,
        "6": 0.05263157894736844,
        "\u00df": 0.05263157894736844,
        "8": 0.05263157894736844
    },
    "c": {
        "c": 0.6842105263157896,
        "e": 0.05263157894736844,
        "o": 0.05263157894736844,
        "\u00a9": 0.05263157894736844,
        "\u0186": 0.05263157894736844,
        "\u03c2": 0.05263157894736844,
        "G": 0.05263157894736844
    },
    "d": {
        "d": 0.5789473684210528,
        "b": 0.05263157894736843,
        "p": 0.05263157894736843,
        "o": 0.05263157894736843,
        "cl": 0.10526315789473686,
        "\u03b4": 0.05263157894736843,
        "\u2202": 0.05263157894736843,
        "g": 0.05263157894736843
    },
    "e": {
        "e": 0.5789473684210528,
        "c": 0.05263157894736843,
        "o": 0.05263157894736843,
        "a": 0.05263157894736843,
        "\u03b5": 0.05263157894736843,
        "3": 0.05263157894736843,
        "\u0435": 0.05263157894736843,
        "\u00a3": 0.10526315789473686
    },
    "f": {
        "f": 0.6842105263157896,
        "t": 0.05263157894736844,
        "i": 0.05263157894736844,
        "\u0192": 0.05263157894736844,
        "\u03d5": 0.05263157894736844,
        "\u222b": 0.05263157894736844,
        "F": 0.05263157894736844
    },
    "g": {
        "g": 0.5789473684210528,
        "q": 0.05263157894736843,
        "o": 0.05263157894736843,
        "a": 0.05263157894736843,
        "9": 0.05263157894736843,
        "\u03b3": 0.05263157894736843,
        "\u0261": 0.05263157894736843,
        "6": 0.10526315789473686
    },
    "h": {
        "h": 0.5789473684210528,
        "b": 0.05263157894736843,
        "n": 0.05263157894736843,
        "m": 0.05263157894736843,
        "\u03b7": 0.05263157894736843,
        "H": 0.05263157894736843,
        "\u04bb": 0.05263157894736843,
        "A": 0.10526315789473686
    },
    "i": {
        "i": 0.5789473684210528,
        "l": 0.05263157894736843,
        "j": 0.05263157894736843,
        "t": 0.05263157894736843,
        "1": 0.05263157894736843,
        "I": 0.05263157894736843,
        "\u00a1": 0.05263157894736843,
        "|": 0.10526315789473686
    },
    "j": {
        "j": 0.6842105263157896,
        "i": 0.05263157894736843,
        "l": 0.05263157894736843,
        "1": 0.05263157894736843,
        "\u0237": 0.05263157894736843,
        "\u03f3": 0.10526315789473686
    },
    "k": {
        "k": 0.6842105263157896,
        "h": 0.05263157894736843,
        "x": 0.05263157894736843,
        "\u03ba": 0.05263157894736843,
        "K": 0.05263157894736843,
        "\u0138": 0.10526315789473686
    },
    "l": {
        "l": 0.5499999999999999,
        "i": 0.04999999999999999,
        "j": 0.04999999999999999,
        "1": 0.04999999999999999,
        "I": 0.04999999999999999,
        "\u0142": 0.04999999999999999,
        "\u0196": 0.04999999999999999,
        "|": 0.14999999999999997
    },
    "m": {
        "m": 0.5499999999999999,
        "n": 0.09999999999999998,
        "h": 0.04999999999999999,
        "rn": 0.09999999999999998,
        "\u03bc": 0.04999999999999999,
        "\u043c": 0.04999999999999999,
        "M": 0.04999999999999999,
        "nn": 0.04999999999999999
    },
    "n": {
        "n": 0.5499999999999999,
        "m": 0.09999999999999998,
        "h": 0.04999999999999999,
        "\u03b7": 0.04999999999999999,
        "\u0144": 0.04999999999999999,
        "\u043f": 0.04999999999999999,
        "N": 0.04999999999999999,
        "r": 0.09999999999999998
    },
    "o": {
        "o": 0.44444444444444436,
        "c": 0.055555555555555546,
        "e": 0.055555555555555546,
        "a": 0.055555555555555546,
        "0": 0.11111111111111109,
        "O": 0.055555555555555546,
        "\u03bf": 0.055555555555555546,
        "\u03c3": 0.055555555555555546,
        "\u0275": 0.055555555555555546,
        "Q": 0.055555555555555546
    },
    "p": {
        "p": 0.5789473684210528,
        "b": 0.05263157894736843,
        "d": 0.05263157894736843,
        "q": 0.05263157894736843,
        "\u03c1": 0.05263157894736843,
        "\u03c6": 0.05263157894736843,
        "\u2117": 0.05263157894736843,
        "P": 0.10526315789473686
    },
    "q": {
        "q": 0.6842105263157896,
        "g": 0.05263157894736843,
        "o": 0.05263157894736843,
        "p": 0.05263157894736843,
        "9": 0.05263157894736843,
        "\u024b": 0.10526315789473686
    },
    "r": {
        "r": 0.6842105263157896,
        "n": 0.05263157894736843,
        "m": 0.05263157894736843,
        "\u0159": 0.05263157894736843,
        "\u0433": 0.05263157894736843,
        "\u00ae": 0.10526315789473686
    },
    "s": {
        "s": 0.5263157894736843,
        "5": 0.10526315789473686,
        "z": 0.05263157894736843,
        "8": 0.05263157894736843,
        "S": 0.05263157894736843,
        "\u00a7": 0.05263157894736843,
        "\u00df": 0.05263157894736843,
        "$": 0.10526315789473686
    },
    "t": {
        "t": 0.5789473684210528,
        "f": 0.05263157894736843,
        "i": 0.05263157894736843,
        "l": 0.05263157894736843,
        "\u03c4": 0.05263157894736843,
        "\u2020": 0.05263157894736843,
        "T": 0.05263157894736843,
        "+": 0.10526315789473686
    },
    "u": {
        "u": 0.6842105263157896,
        "v": 0.05263157894736843,
        "n": 0.05263157894736843,
        "\u03bc": 0.05263157894736843,
        "\u03c5": 0.05263157894736843,
        "U": 0.10526315789473686
    },
    "v": {
        "v": 0.6842105263157896,
        "u": 0.05263157894736843,
        "w": 0.05263157894736843,
        "\u03bd": 0.05263157894736843,
        "V": 0.10526315789473686,
        "\u221a": 0.05263157894736843
    },
    "w": {
        "w": 0.5499999999999999,
        "v": 0.04999999999999999,
        "u": 0.04999999999999999,
        "m": 0.04999999999999999,
        "\u03c9": 0.04999999999999999,
        "W": 0.04999999999999999,
        "\u0448": 0.04999999999999999,
        "vv": 0.14999999999999997
    },
    "x": {
        "x": 0.6842105263157896,
        "k": 0.05263157894736843,
        "z": 0.05263157894736843,
        "\u03c7": 0.05263157894736843,
        "\u00d7": 0.05263157894736843,
        "X": 0.10526315789473686
    },
    "y": {
        "y": 0.5499999999999999,
        "v": 0.04999999999999999,
        "g": 0.04999999999999999,
        "j": 0.04999999999999999,
        "\u03b3": 0.04999999999999999,
        "Y": 0.04999999999999999,
        "\u00a5": 0.04999999999999999,
        "4": 0.14999999999999997
    },
    "z": {
        "z": 0.5789473684210528,
        "2": 0.05263157894736843,
        "s": 0.05263157894736843,
        "x": 0.05263157894736843,
        "Z": 0.05263157894736843,
        "\u03b6": 0.05263157894736843,
        "\u20b4": 0.15789473684210528
    },
    "A": {
        "A": 0.6999999999999998,
        "4": 0.039999999999999994,
        "H": 0.039999999999999994,
        "R": 0.039999999999999994,
        "\u0391": 0.039999999999999994,
        "\u0414": 0.039999999999999994,
        "\u2200": 0.039999999999999994,
        "\u0394": 0.019999999999999997,
        "Aa": 0.019999999999999997,
        "Av": 0.019999999999999997
    },
    "B": {
        "B": 0.7,
        "8": 0.1,
        "E": 0.04,
        "3": 0.04,
        "\u0392": 0.04,
        "\u0412": 0.04,
        "\u00df": 0.04
    },
    "C": {
        "C": 0.6999999999999998,
        "G": 0.04999999999999999,
        "O": 0.04999999999999999,
        "\u00a9": 0.04999999999999999,
        "\u03f9": 0.04999999999999999,