{"a": {"a": 0.6315789473684208, "@": 0.05263157894736841, "o": 0.05263157894736841, "e": 0.05263157894736841, "q": 0.05263157894736841, "g": 0.05263157894736841, "\u03b1": 0.05263157894736841, "4": 0.05263157894736841}, "b": {"b": 0.6842105263157893, "h": 0.05263157894736841, "d": 0.05263157894736841, "p": 0.05263157894736841, "6": 0.05263157894736841, "\u00df": 0.05263157894736841, "8": 0.05263157894736841}, "c": {"c": 0.6842105263157893, "e": 0.05263157894736841, "o": 0.05263157894736841, "\u00a9": 0.05263157894736841, "\u0186": 0.05263157894736841, "\u03c2": 0.05263157894736841, "G": 0.05263157894736841}, "d": {"d": 0.5789473684210525, "b": 0.05263157894736841, "p": 0.05263157894736841, "o": 0.05263157894736841, "cl": 0.10526315789473682, "\u03b4": 0.05263157894736841, "\u2202": 0.05263157894736841, "g": 0.05263157894736841}, "e": {"e": 0.5789473684210525, "c": 0.05263157894736841, "o": 0.05263157894736841, "a": 0.05263157894736841, "\u03b5": 0.05263157894736841, "3": 0.05263157894736841, "\u0435": 0.05263157894736841, "\u00a3": 0.10526315789473682}, "f": {"f": 0.6842105263157893, "t": 0.05263157894736841, "i": 0.05263157894736841, "\u0192": 0.05263157894736841, "\u03d5": 0.05263157894736841, "\u222b": 0.05263157894736841, "F": 0.05263157894736841}, "g": {"g": 0.5789473684210525, "q": 0.05263157894736841, "o": 0.05263157894736841, "a": 0.05263157894736841, "9": 0.05263157894736841, "\u03b3": 0.05263157894736841, "\u0261": 0.05263157894736841, "6": 0.10526315789473682}, "h": {"h": 0.5789473684210525, "b": 0.05263157894736841, "n": 0.05263157894736841, "m": 0.05263157894736841, "\u03b7": 0.05263157894736841, "H": 0.05263157894736841, "\u04bb": 0.05263157894736841, "A": 0.10526315789473682}, "i": {"i": 0.5789473684210525, "l": 0.05263157894736841, "j": 0.05263157894736841, "t": 0.05263157894736841, "1": 0.05263157894736841, "I": 0.05263157894736841, "\u00a1": 0.05263157894736841, "|": 0.10526315789473682}, "j": {"j": 0.6842105263157894, "i": 0.05263157894736841, "l": 0.05263157894736841, "1": 0.05263157894736841, "\u0237": 0.05263157894736841, "\u03f3": 0.10526315789473682}, "k": {"k": 0.6842105263157894, "h": 0.05263157894736841, "x": 0.05263157894736841, "\u03ba": 0.05263157894736841, "K": 0.05263157894736841, "\u0138": 0.10526315789473682}, "l": {"l": 0.5499999999999999, "i": 0.04999999999999999, "j": 0.04999999999999999, "1": 0.04999999999999999, "I": 0.04999999999999999, "\u0142": 0.04999999999999999, "\u0196": 0.04999999999999999, "|": 0.14999999999999997}, "m": {"m": 0.5499999999999999, "n": 0.09999999999999998, "h": 0.04999999999999999, "rn": 0.09999999999999998, "\u03bc": 0.04999999999999999, "\u043c": 0.04999999999999999, "M": 0.04999999999999999, "nn": 0.04999999999999999}, "n": {"n": 0.5499999999999999, "m": 0.09999999999999998, "h": 0.04999999999999999, "\u03b7": 0.04999999999999999, "\u0144": 0.04999999999999999, "\u043f": 0.04999999999999999, "N": 0.04999999999999999, "r": 0.09999999999999998}, "o": {"o": 0.44444444444444436, "c": 0.055555555555555546, "e": 0.055555555555555546, "a": 0.055555555555555546, "0": 0.11111111111111109, "O": 0.055555555555555546, "\u03bf": 0.055555555555555546, "\u03c3": 0.055555555555555546, "\u0275": 0.055555555555555546, "Q": 0.055555555555555546}, "p": {"p": 0.5789473684210525, "b": 0.05263157894736841, "d": 0.05263157894736841, "q": 0.05263157894736841, "\u03c1": 0.05263157894736841, "\u03c6": 0.05263157894736841, "\u2117": 0.05263157894736841, "P": 0.10526315789473682}, "q": {"q": 0.6842105263157894, "g": 0.05263157894736841, "o": 0.05263157894736841, "p": 0.05263157894736841, "9": 0.05263157894736841, "\u024b": 0.10526315789473682}, "r": {"r": 0.6842105263157894, "n": 0.05263157894736841, "m": 0.05263157894736841, "\u0159": 0.05263157894736841, "\u0433": 0.05263157894736841, "\u00ae": 0.10526315789473682}, "s": {"s": 0.5263157894736841, "5": 0.10526315789473682, "z": 0.05263157894736841, "8": 0.05263157894736841, "S": 0.05263157894736841, "\u00a7": 0.05263157894736841, "\u00df": 0.05263157894736841, "$": 0.10526315789473682}, "t": {"t": 0.5789473684210525, "f": 0.05263157894736841, "i": 0.05263157894736841, "l": 0.05263157894736841, "\u03c4": 0.05263157894736841, "\u2020": 0.05263157894736841, "T": 0.05263157894736841, "+": 0.10526315789473682}, "u": {"u": 0.6842105263157894, "v": 0.05263157894736841, "n": 0.05263157894736841, "\u03bc": 0.05263157894736841, "\u03c5": 0.05263157894736841, "U": 0.10526315789473682}, "v": {"v": 0.6842105263157894, "u": 0.05263157894736841, "w": 0.05263157894736841, "\u03bd": 0.05263157894736841, "V": 0.10526315789473682, "\u221a": 0.05263157894736841}, "w": {"w": 0.5499999999999999, "v": 0.04999999999999999, "u": 0.04999999999999999, "m": 0.04999999999999999, "\u03c9": 0.04999999999999999, "W": 0.04999999999999999, "\u0448": 0.04999999999999999, "vv": 0.14999999999999997}, "x": {"x": 0.6842105263157894, "k": 0.05263157894736841, "z": 0.05263157894736841, "\u03c7": 0.05263157894736841, "\u00d7": 0.05263157894736841, "X": 0.10526315789473682}, "y": {"y": 0.5499999999999999, "v": 0.04999999999999999, "g": 0.04999999999999999, "j": 0.04999999999999999, "\u03b3": 0.04999999999999999, "Y": 0.04999999999999999, "\u00a5": 0.04999999999999999, "4": 0.14999999999999997}, "z": {"z": 0.5789473684210525, "2": 0.05263157894736841, "s": 0.05263157894736841, "x": 0.05263157894736841, "Z": 0.05263157894736841, "\u03b6": 0.05263157894736841, "\u20b4": 0.1578947368421052}, "A": {"A": 0.6999999999999998, "4": 0.039999999999999994, "H": 0.039999999999999994, "R": 0.039999999999999994, "\u0391": 0.039999999999999994, "\u0414": 0.039999999999999994, "\u2200": 0.039999999999999994, "\u0394": 0.019999999999999997, "Aa": 0.019999999999999997, "Av": 0.019999999999999997}, "B": {"B": 0.7, "8": 0.1, "E": 0.04, "3": 0.04, "\u0392": 0.04, "\u0412": 0.04, "\u00df": 0.04}, "C": {"C": 0.6999999999999998, "G": 0.04999999999999999, "O": 0.04999999999999999, "\u00a9": 0.04999999999999999, "\u03f9": 0.04999999999999999, "\u0421": 0.04999999999999999, "Ce": 0.04999999999999999}, "D": {"D": 0.7, "O": 0.08, "0": 0.05, "\u0394": 0.05, "\u0414": 0.05, "\u00d0": 0.05, "Do": 0.02}, "E": {"E": 0.6999999999999998, "F": 0.04999999999999999, "B": 0.04999999999999999, "3": 0.04999999999999999, "\u0395": 0.04999999999999999, "\u0415": 0.04999999999999999, "\u0401": 0.04999999999999999}, "F": {"F": 0.7499999999999999, "E": 0.04999999999999999, "P": 0.04999999999999999, "\u03dc": 0.04999999999999999, "\u0191": 0.04999999999999999, "\u2132": 0.04999999999999999}, "G": {"G": 0.6999999999999998, "C": 0.059999999999999984, "O": 0.059999999999999984, "Q": 0.059999999999999984, "\u0393": 0.059999999999999984, "6": 0.039999999999999994, "\u20b2": 0.019999999999999997}, "H": {"H": 0.6999999999999998, "A": 0.04999999999999999, "M": 0.04999999999999999, "N": 0.04999999999999999, "\u0397": 0.04999999999999999, "\u041d": 0.04999999999999999, "\u210d": 0.04999999999999999}, "I": {"I": 0.6999999999999998, "1": 0.04999999999999999, "L": 0.04999999999999999, "T": 0.04999999999999999, "\u0399": 0.04999999999999999, "\u0418": 0.04999999999999999, "\u0406": 0.04999999999999999}, "J": {"J": 0.7499999999999999, "I": 0.04999999999999999, "L": 0.04999999999999999, "1": 0.04999999999999999, "\u0393": 0.04999999999999999, "\u0408": 0.04999999999999999}, "K": {"K": 0.7499999999999999, "X": 0.04999999999999999, "H": 0.04999999999999999, "\u039a": 0.04999999999999999, "\u041a": 0.04999999999999999, "\u0138": 0.04999999999999999}, "L": {"L": 0.6999999999999998, "I": 0.04999999999999999, "1": 0.04999999999999999, "T": 0.04999999999999999, "\u039b": 0.04999999999999999, "\u0141": 0.04999999999999999, "\u2112": 0.04999999999999999}, "M": {"M": 0.6666666666666666, "N": 0.07619047619047618, "H": 0.05714285714285714, "W": 0.05714285714285714, "\u039c": 0.047619047619047616, "\u041c": 0.047619047619047616, "\u2133": 0.047619047619047616}, "N": {"N": 0.7, "M": 0.08, "H": 0.06, "\u039d": 0.06, "\u0418": 0.05, "\u2115": 0.05}, "O": {"O": 0.5999999999999999,